"","x"
"1","Worry about things"
"2","Worry about things"
"3","Worry about things"
"4","Worry about things"
"5","Worry about things"
"6","Make friends easily"
"7","Make friends easily"
"8","Make friends easily"
"9","Make friends easily"
"10","Make friends easily"
"11","Have a vivid imagination"
"12","Have a vivid imagination"
"13","Have a vivid imagination"
"14","Have a vivid imagination"
"15","Have a vivid imagination"
"16","Trust others"
"17","Trust others"
"18","Trust others"
"19","Trust others"
"20","Trust others"
"21","Complete tasks successfully"
"22","Complete tasks successfully"
"23","Complete tasks successfully"
"24","Complete tasks successfully"
"25","Complete tasks successfully"
"26","Get angry easily"
"27","Get angry easily"
"28","Get angry easily"
"29","Get angry easily"
"30","Get angry easily"
"31","Love large parties"
"32","Love large parties"
"33","Love large parties"
"34","Love large parties"
"35","Love large parties"
"36","Believe in the importance"
"37","Believe in the importance"
"38","Believe in the importance"
"39","Believe in the importance"
"40","Believe in the importance"
"41","Would never cheat on my taxes"
"42","Would never cheat on my taxes"
"43","Would never cheat on my taxes"
"44","Would never cheat on my taxes"
"45","Would never cheat on my taxes"
"46","Like order"
"47","Like order"
"48","Like order"
"49","Like order"
"50","Like order"
"51","Often feel blue"
"52","Often feel blue"
"53","Often feel blue"
"54","Often feel blue"
"55","Often feel blue"
"56","Take Charge"
"57","Take Charge"
"58","Take Charge"
"59","Take Charge"
"60","Take Charge"
"61","Experience my emotions intensely"
"62","Experience my emotions intensely"
"63","Experience my emotions intensely"
"64","Experience my emotions intensely"
"65","Experience my emotions intensely"
"66","Make people feel welcome"
"67","Make people feel welcome"
"68","Make people feel welcome"
"69","Make people feel welcome"
"70","Make people feel welcome"
"71","Try to follow the rules"
"72","Try to follow the rules"
"73","Try to follow the rules"
"74","Try to follow the rules"
"75","Try to follow the rules"
"76","Am easily intimidated"
"77","Am easily intimidated"
"78","Am easily intimidated"
"79","Am easily intimidated"
"80","Am easily intimidated"
"81","Am always busy"
"82","Am always busy"
"83","Am always busy"
"84","Am always busy"
"85","Am always busy"
"86","Prefer variety to routine"
"87","Prefer variety to routine"
"88","Prefer variety to routine"
"89","Prefer variety to routine"
"90","Prefer variety to routine"
"91","Am easy to satisfy"
"92","Am easy to satisfy"
"93","Am easy to satisfy"
"94","Am easy to satisfy"
"95","Am easy to satisfy"
"96","Go straight for the goal"
"97","Go straight for the goal"
"98","Go straight for the goal"
"99","Go straight for the goal"
"100","Go straight for the goal"
"101","Often eat too much"
"102","Often eat too much"
"103","Often eat too much"
"104","Often eat too much"
"105","Often eat too much"
"106","Love excitement"
"107","Love excitement"
"108","Love excitement"
"109","Love excitement"
"110","Love excitement"
"111","Like to solve complex problems"
"112","Like to solve complex problems"
"113","Like to solve complex problems"
"114","Like to solve complex problems"
"115","Like to solve complex problems"
"116","Dislike being the center of attention"
"117","Dislike being the center of attention"
"118","Dislike being the center of attention"
"119","Dislike being the center of attention"
"120","Dislike being the center of attention"
"121","Get chores done right away"
"122","Get chores done right away"
"123","Get chores done right away"
"124","Get chores done right away"
"125","Get chores done right away"
"126","Panic easily"
"127","Panic easily"
"128","Panic easily"
"129","Panic easily"
"130","Panic easily"
"131","Radiate Joy"
"132","Radiate Joy"
"133","Radiate Joy"
"134","Radiate Joy"
"135","Radiate Joy"
"136","Tend to vote for liberal political candidates"
"137","Tend to vote for liberal political candidates"
"138","Tend to vote for liberal political candidates"
"139","Tend to vote for liberal political candidates"
"140","Tend to vote for liberal political candidates"
"141","Sympathize with the homeless"
"142","Sympathize with the homeless"
"143","Sympathize with the homeless"
"144","Sympathize with the homeless"
"145","Sympathize with the homeless"
"146","Avoid mistakes"
"147","Avoid mistakes"
"148","Avoid mistakes"
"149","Avoid mistakes"
"150","Avoid mistakes"
"151","Fear for the worst"
"152","Fear for the worst"
"153","Fear for the worst"
"154","Fear for the worst"
"155","Fear for the worst"
"156","Warm up quickly to others"
"157","Warm up quickly to others"
"158","Warm up quickly to others"
"159","Warm up quickly to others"
"160","Warm up quickly to others"
"161","Enjoy wild flights of fantasy"
"162","Enjoy wild flights of fantasy"
"163","Enjoy wild flights of fantasy"
"164","Enjoy wild flights of fantasy"
"165","Enjoy wild flights of fantasy"
"166","Believe that others have good intentions"
"167","Believe that others have good intentions"
"168","Believe that others have good intentions"
"169","Believe that others have good intentions"
"170","Believe that others have good intentions"
"171","Excel in what I do"
"172","Excel in what I do"
"173","Excel in what I do"
"174","Excel in what I do"
"175","Excel in what I do"
"176","Get irritated easily"
"177","Get irritated easily"
"178","Get irritated easily"
"179","Get irritated easily"
"180","Get irritated easily"
"181","Talk to a lot of different people at parties"
"182","Talk to a lot of different people at parties"
"183","Talk to a lot of different people at parties"
"184","Talk to a lot of different people at parties"
"185","Talk to a lot of different people at parties"
"186","Like music"
"187","Like music"
"188","Like music"
"189","Like music"
"190","Like music"
"191","Stick to the rules"
"192","Stick to the rules"
"193","Stick to the rules"
"194","Stick to the rules"
"195","Stick to the rules"
"196","Like to tidy up"
"197","Like to tidy up"
"198","Like to tidy up"
"199","Like to tidy up"
"200","Like to tidy up"
"201","Dislike myself"
"202","Dislike myself"
"203","Dislike myself"
"204","Dislike myself"
"205","Dislike myself"
"206","Try to lead others"
"207","Try to lead others"
"208","Try to lead others"
"209","Try to lead others"
"210","Try to lead others"
"211","Feel others' emotions"
"212","Feel others' emotions"
"213","Feel others' emotions"
"214","Feel others' emotions"
"215","Feel others' emotions"
"216","Anticipate the needs of others"
"217","Anticipate the needs of others"
"218","Anticipate the needs of others"
"219","Anticipate the needs of others"
"220","Anticipate the needs of others"
"221","Keep my promises"
"222","Keep my promises"
"223","Keep my promises"
"224","Keep my promises"
"225","Keep my promises"
"226","Am afraid that I will do the wrong thing"
"227","Am afraid that I will do the wrong thing"
"228","Am afraid that I will do the wrong thing"
"229","Am afraid that I will do the wrong thing"
"230","Am afraid that I will do the wrong thing"
"231","Am always on the go"
"232","Am always on the go"
"233","Am always on the go"
"234","Am always on the go"
"235","Am always on the go"
"236","Like to visit new places"
"237","Like to visit new places"
"238","Like to visit new places"
"239","Like to visit new places"
"240","Like to visit new places"
"241","Can't stand confrontations"
"242","Can't stand confrontations"
"243","Can't stand confrontations"
"244","Can't stand confrontations"
"245","Can't stand confrontations"
"246","Work hard"
"247","Work hard"
"248","Work hard"
"249","Work hard"
"250","Work hard"
"251","Don't know why I do some of the things I do"
"252","Don't know why I do some of the things I do"
"253","Don't know why I do some of the things I do"
"254","Don't know why I do some of the things I do"
"255","Don't know why I do some of the things I do"
"256","Seek adventure"
"257","Seek adventure"
"258","Seek adventure"
"259","Seek adventure"
"260","Seek adventure"
"261","Love to read challenging material"
"262","Love to read challenging material"
"263","Love to read challenging material"
"264","Love to read challenging material"
"265","Love to read challenging material"
"266","Dislike talking about myself"
"267","Dislike talking about myself"
"268","Dislike talking about myself"
"269","Dislike talking about myself"
"270","Dislike talking about myself"
"271","Am always prepared"
"272","Am always prepared"
"273","Am always prepared"
"274","Am always prepared"
"275","Am always prepared"
"276","Become overwhelmed by events"
"277","Become overwhelmed by events"
"278","Become overwhelmed by events"
"279","Become overwhelmed by events"
"280","Become overwhelmed by events"
"281","Have a lot of fun"
"282","Have a lot of fun"
"283","Have a lot of fun"
"284","Have a lot of fun"
"285","Have a lot of fun"
"286","Believe that there is no absolute right or wrong"
"287","Believe that there is no absolute right or wrong"
"288","Believe that there is no absolute right or wrong"
"289","Believe that there is no absolute right or wrong"
"290","Believe that there is no absolute right or wrong"
"291","Feel sympathy for those who are worse off than myself"
"292","Feel sympathy for those who are worse off than myself"
"293","Feel sympathy for those who are worse off than myself"
"294","Feel sympathy for those who are worse off than myself"
"295","Feel sympathy for those who are worse off than myself"
"296","Choose my words with care"
"297","Choose my words with care"
"298","Choose my words with care"
"299","Choose my words with care"
"300","Choose my words with care"
"301","Am afraid of many things"
"302","Am afraid of many things"
"303","Am afraid of many things"
"304","Am afraid of many things"
"305","Am afraid of many things"
"306","Feel comfortable around people"
"307","Feel comfortable around people"
"308","Feel comfortable around people"
"309","Feel comfortable around people"
"310","Feel comfortable around people"
"311","Love to daydream"
"312","Love to daydream"
"313","Love to daydream"
"314","Love to daydream"
"315","Love to daydream"
"316","Trust what people say"
"317","Trust what people say"
"318","Trust what people say"
"319","Trust what people say"
"320","Trust what people say"
"321","Handle tasks smoothly"
"322","Handle tasks smoothly"
"323","Handle tasks smoothly"
"324","Handle tasks smoothly"
"325","Handle tasks smoothly"
"326","Get upset easily"
"327","Get upset easily"
"328","Get upset easily"
"329","Get upset easily"
"330","Get upset easily"
"331","Enjoy being part of a group"
"332","Enjoy being part of a group"
"333","Enjoy being part of a group"
"334","Enjoy being part of a group"
"335","Enjoy being part of a group"
"336","See beauty in things that others might not notice"
"337","See beauty in things that others might not notice"
"338","See beauty in things that others might not notice"
"339","See beauty in things that others might not notice"
"340","See beauty in things that others might not notice"
"341","Use flattery to get ahead"
"342","Use flattery to get ahead"
"343","Use flattery to get ahead"
"344","Use flattery to get ahead"
"345","Use flattery to get ahead"
"346","Want everything to be 'just right'"
"347","Want everything to be 'just right'"
"348","Want everything to be 'just right'"
"349","Want everything to be 'just right'"
"350","Want everything to be 'just right'"
"351","Am often down in the dumps"
"352","Am often down in the dumps"
"353","Am often down in the dumps"
"354","Am often down in the dumps"
"355","Am often down in the dumps"
"356","Can talk others into doing things"
"357","Can talk others into doing things"
"358","Can talk others into doing things"
"359","Can talk others into doing things"
"360","Can talk others into doing things"
"361","Am passionate about causes"
"362","Am passionate about causes"
"363","Am passionate about causes"
"364","Am passionate about causes"
"365","Am passionate about causes"
"366","Love to help others"
"367","Love to help others"
"368","Love to help others"
"369","Love to help others"
"370","Love to help others"
"371","Pay my bills on time"
"372","Pay my bills on time"
"373","Pay my bills on time"
"374","Pay my bills on time"
"375","Pay my bills on time"
"376","Find it difficult to approach others"
"377","Find it difficult to approach others"
"378","Find it difficult to approach others"
"379","Find it difficult to approach others"
"380","Find it difficult to approach others"
"381","Do a lot in my spare time"
"382","Do a lot in my spare time"
"383","Do a lot in my spare time"
"384","Do a lot in my spare time"
"385","Do a lot in my spare time"
"386","Interested in many things"
"387","Interested in many things"
"388","Interested in many things"
"389","Interested in many things"
"390","Interested in many things"
"391","Hate to seem pushy"
"392","Hate to seem pushy"
"393","Hate to seem pushy"
"394","Hate to seem pushy"
"395","Hate to seem pushy"
"396","Turn plans into actions"
"397","Turn plans into actions"
"398","Turn plans into actions"
"399","Turn plans into actions"
"400","Turn plans into actions"
"401","Do things I later regret"
"402","Do things I later regret"
"403","Do things I later regret"
"404","Do things I later regret"
"405","Do things I later regret"
"406","Love action"
"407","Love action"
"408","Love action"
"409","Love action"
"410","Love action"
"411","Have a rich vocabulary"
"412","Have a rich vocabulary"
"413","Have a rich vocabulary"
"414","Have a rich vocabulary"
"415","Have a rich vocabulary"
"416","Consider myself an average person"
"417","Consider myself an average person"
"418","Consider myself an average person"
"419","Consider myself an average person"
"420","Consider myself an average person"
"421","Start tasks right away"
"422","Start tasks right away"
"423","Start tasks right away"
"424","Start tasks right away"
"425","Start tasks right away"
"426","Feel that I'm unable to deal with things"
"427","Feel that I'm unable to deal with things"
"428","Feel that I'm unable to deal with things"
"429","Feel that I'm unable to deal with things"
"430","Feel that I'm unable to deal with things"
"431","Express childlike joy"
"432","Express childlike joy"
"433","Express childlike joy"
"434","Express childlike joy"
"435","Express childlike joy"
"436","Believe that criminals should receive help rather than punishment"
"437","Believe that criminals should receive help rather than punishment"
"438","Believe that criminals should receive help rather than punishment"
"439","Believe that criminals should receive help rather than punishment"
"440","Believe that criminals should receive help rather than punishment"
"441","Value cooperation over competition"
"442","Value cooperation over competition"
"443","Value cooperation over competition"
"444","Value cooperation over competition"
"445","Value cooperation over competition"
"446","Stick to my chosen path"
"447","Stick to my chosen path"
"448","Stick to my chosen path"
"449","Stick to my chosen path"
"450","Stick to my chosen path"
"451","Get stressed out easily"
"452","Get stressed out easily"
"453","Get stressed out easily"
"454","Get stressed out easily"
"455","Get stressed out easily"
"456","Act comfortably with others"
"457","Act comfortably with others"
"458","Act comfortably with others"
"459","Act comfortably with others"
"460","Act comfortably with others"
"461","Like to get lost in thought"
"462","Like to get lost in thought"
"463","Like to get lost in thought"
"464","Like to get lost in thought"
"465","Like to get lost in thought"
"466","Believe that people are basically moral"
"467","Believe that people are basically moral"
"468","Believe that people are basically moral"
"469","Believe that people are basically moral"
"470","Believe that people are basically moral"
"471","Am sure of my ground"
"472","Am sure of my ground"
"473","Am sure of my ground"
"474","Am sure of my ground"
"475","Am sure of my ground"
"476","Am often in a bad mood"
"477","Am often in a bad mood"
"478","Am often in a bad mood"
"479","Am often in a bad mood"
"480","Am often in a bad mood"
"481","Involve others in what I am doing"
"482","Involve others in what I am doing"
"483","Involve others in what I am doing"
"484","Involve others in what I am doing"
"485","Involve others in what I am doing"
"486","Love flowers"
"487","Love flowers"
"488","Love flowers"
"489","Love flowers"
"490","Love flowers"
"491","Use others for my own ends"
"492","Use others for my own ends"
"493","Use others for my own ends"
"494","Use others for my own ends"
"495","Use others for my own ends"
"496","Love order and regularity"
"497","Love order and regularity"
"498","Love order and regularity"
"499","Love order and regularity"
"500","Love order and regularity"
"501","Have a low opinion of myself"
"502","Have a low opinion of myself"
"503","Have a low opinion of myself"
"504","Have a low opinion of myself"
"505","Have a low opinion of myself"
"506","Seek to influence others"
"507","Seek to influence others"
"508","Seek to influence others"
"509","Seek to influence others"
"510","Seek to influence others"
"511","Enjoy examining myself and my life"
"512","Enjoy examining myself and my life"
"513","Enjoy examining myself and my life"
"514","Enjoy examining myself and my life"
"515","Enjoy examining myself and my life"
"516","Am concerned about others"
"517","Am concerned about others"
"518","Am concerned about others"
"519","Am concerned about others"
"520","Am concerned about others"
"521","Tell the truth"
"522","Tell the truth"
"523","Tell the truth"
"524","Tell the truth"
"525","Tell the truth"
"526","Am afraid to draw attention to myself"
"527","Am afraid to draw attention to myself"
"528","Am afraid to draw attention to myself"
"529","Am afraid to draw attention to myself"
"530","Am afraid to draw attention to myself"
"531","Can manage many things at the same time"
"532","Can manage many things at the same time"
"533","Can manage many things at the same time"
"534","Can manage many things at the same time"
"535","Can manage many things at the same time"
"536","Like to begin new things"
"537","Like to begin new things"
"538","Like to begin new things"
"539","Like to begin new things"
"540","Like to begin new things"
"541","Have a sharp tongue"
"542","Have a sharp tongue"
"543","Have a sharp tongue"
"544","Have a sharp tongue"
"545","Have a sharp tongue"
"546","Plunge into tasks with all my heart"
"547","Plunge into tasks with all my heart"
"548","Plunge into tasks with all my heart"
"549","Plunge into tasks with all my heart"
"550","Plunge into tasks with all my heart"
"551","Go on binges"
"552","Go on binges"
"553","Go on binges"
"554","Go on binges"
"555","Go on binges"
"556","Enjoy being part of a loud crowd"
"557","Enjoy being part of a loud crowd"
"558","Enjoy being part of a loud crowd"
"559","Enjoy being part of a loud crowd"
"560","Enjoy being part of a loud crowd"
"561","Can handle a lot of information"
"562","Can handle a lot of information"
"563","Can handle a lot of information"
"564","Can handle a lot of information"
"565","Can handle a lot of information"
"566","Seldom toot my own horn"
"567","Seldom toot my own horn"
"568","Seldom toot my own horn"
"569","Seldom toot my own horn"
"570","Seldom toot my own horn"
"571","Get to work at once"
"572","Get to work at once"
"573","Get to work at once"
"574","Get to work at once"
"575","Get to work at once"
"576","Can't make up my mind"
"577","Can't make up my mind"
"578","Can't make up my mind"
"579","Can't make up my mind"
"580","Can't make up my mind"
"581","Laugh my way through life"
"582","Laugh my way through life"
"583","Laugh my way through life"
"584","Laugh my way through life"
"585","Laugh my way through life"
"586","Believe in one true religion"
"587","Believe in one true religion"
"588","Believe in one true religion"
"589","Believe in one true religion"
"590","Believe in one true religion"
"591","Suffer from others' sorrows"
"592","Suffer from others' sorrows"
"593","Suffer from others' sorrows"
"594","Suffer from others' sorrows"
"595","Suffer from others' sorrows"
"596","Jump into things without thinking"
"597","Jump into things without thinking"
"598","Jump into things without thinking"
"599","Jump into things without thinking"
"600","Jump into things without thinking"
"601","Get caught up in my problems"
"602","Get caught up in my problems"
"603","Get caught up in my problems"
"604","Get caught up in my problems"
"605","Get caught up in my problems"
"606","Cheer people up"
"607","Cheer people up"
"608","Cheer people up"
"609","Cheer people up"
"610","Cheer people up"
"611","Induldge in my fantasies"
"612","Induldge in my fantasies"
"613","Induldge in my fantasies"
"614","Induldge in my fantasies"
"615","Induldge in my fantasies"
"616","Believe in human goodness"
"617","Believe in human goodness"
"618","Believe in human goodness"
"619","Believe in human goodness"
"620","Believe in human goodness"
"621","Come up with good solutions"
"622","Come up with good solutions"
"623","Come up with good solutions"
"624","Come up with good solutions"
"625","Come up with good solutions"
"626","Lose my temper"
"627","Lose my temper"
"628","Lose my temper"
"629","Lose my temper"
"630","Lose my temper"
"631","Love surprise parties"
"632","Love surprise parties"
"633","Love surprise parties"
"634","Love surprise parties"
"635","Love surprise parties"
"636","Enjoy the beauty of nature"
"637","Enjoy the beauty of nature"
"638","Enjoy the beauty of nature"
"639","Enjoy the beauty of nature"
"640","Enjoy the beauty of nature"
"641","Know how to get around the rules"
"642","Know how to get around the rules"
"643","Know how to get around the rules"
"644","Know how to get around the rules"
"645","Know how to get around the rules"
"646","Do things according to a plan"
"647","Do things according to a plan"
"648","Do things according to a plan"
"649","Do things according to a plan"
"650","Do things according to a plan"
"651","Have frequent mood swings"
"652","Have frequent mood swings"
"653","Have frequent mood swings"
"654","Have frequent mood swings"
"655","Have frequent mood swings"
"656","Take control of things"
"657","Take control of things"
"658","Take control of things"
"659","Take control of things"
"660","Take control of things"
"661","Try to understand myself"
"662","Try to understand myself"
"663","Try to understand myself"
"664","Try to understand myself"
"665","Try to understand myself"
"666","Have a good word for everyone"
"667","Have a good word for everyone"
"668","Have a good word for everyone"
"669","Have a good word for everyone"
"670","Have a good word for everyone"
"671","Listen to my conscience"
"672","Listen to my conscience"
"673","Listen to my conscience"
"674","Listen to my conscience"
"675","Listen to my conscience"
"676","Only feel comfortable with friends"
"677","Only feel comfortable with friends"
"678","Only feel comfortable with friends"
"679","Only feel comfortable with friends"
"680","Only feel comfortable with friends"
"681","React quickly"
"682","React quickly"
"683","React quickly"
"684","React quickly"
"685","React quickly"
"686","Prefer to stik with things that I know"
"687","Prefer to stik with things that I know"
"688","Prefer to stik with things that I know"
"689","Prefer to stik with things that I know"
"690","Prefer to stik with things that I know"
"691","Contradict others"
"692","Contradict others"
"693","Contradict others"
"694","Contradict others"
"695","Contradict others"
"696","Do more than what's expected of me"
"697","Do more than what's expected of me"
"698","Do more than what's expected of me"
"699","Do more than what's expected of me"
"700","Do more than what's expected of me"
"701","Love to eat"
"702","Love to eat"
"703","Love to eat"
"704","Love to eat"
"705","Love to eat"
"706","Enjoy being reckless"
"707","Enjoy being reckless"
"708","Enjoy being reckless"
"709","Enjoy being reckless"
"710","Enjoy being reckless"
"711","Enjoy thinking about things"
"712","Enjoy thinking about things"
"713","Enjoy thinking about things"
"714","Enjoy thinking about things"
"715","Enjoy thinking about things"
"716","Believe that I am better than others"
"717","Believe that I am better than others"
"718","Believe that I am better than others"
"719","Believe that I am better than others"
"720","Believe that I am better than others"
"721","Carry out my plans"
"722","Carry out my plans"
"723","Carry out my plans"
"724","Carry out my plans"
"725","Carry out my plans"
"726","Get overwhelmed by emotions"
"727","Get overwhelmed by emotions"
"728","Get overwhelmed by emotions"
"729","Get overwhelmed by emotions"
"730","Get overwhelmed by emotions"
"731","Love life"
"732","Love life"
"733","Love life"
"734","Love life"
"735","Love life"
"736","Tend to vote for conservative political candidates"
"737","Tend to vote for conservative political candidates"
"738","Tend to vote for conservative political candidates"
"739","Tend to vote for conservative political candidates"
"740","Tend to vote for conservative political candidates"
"741","Am not interested in other people's problems"
"742","Am not interested in other people's problems"
"743","Am not interested in other people's problems"
"744","Am not interested in other people's problems"
"745","Am not interested in other people's problems"
"746","Make rash decisions"
"747","Make rash decisions"
"748","Make rash decisions"
"749","Make rash decisions"
"750","Make rash decisions"
"751","Am not easily bothered by things"
"752","Am not easily bothered by things"
"753","Am not easily bothered by things"
"754","Am not easily bothered by things"
"755","Am not easily bothered by things"
"756","Am hard to get to know"
"757","Am hard to get to know"
"758","Am hard to get to know"
"759","Am hard to get to know"
"760","Am hard to get to know"
"761","Spend time reflecting on things"
"762","Spend time reflecting on things"
"763","Spend time reflecting on things"
"764","Spend time reflecting on things"
"765","Spend time reflecting on things"
"766","Think that all will be well"
"767","Think that all will be well"
"768","Think that all will be well"
"769","Think that all will be well"
"770","Think that all will be well"
"771","Know how to get things done"
"772","Know how to get things done"
"773","Know how to get things done"
"774","Know how to get things done"
"775","Know how to get things done"
"776","Rarely get irritated"
"777","Rarely get irritated"
"778","Rarely get irritated"
"779","Rarely get irritated"
"780","Rarely get irritated"
"781","Prefer to be alone"
"782","Prefer to be alone"
"783","Prefer to be alone"
"784","Prefer to be alone"
"785","Prefer to be alone"
"786","Do not like art"
"787","Do not like art"
"788","Do not like art"
"789","Do not like art"
"790","Do not like art"
"791","Cheat to get ahead"
"792","Cheat to get ahead"
"793","Cheat to get ahead"
"794","Cheat to get ahead"
"795","Cheat to get ahead"
"796","Often forget to put things back in their proper place"
"797","Often forget to put things back in their proper place"
"798","Often forget to put things back in their proper place"
"799","Often forget to put things back in their proper place"
"800","Often forget to put things back in their proper place"
"801","Feel desperate"
"802","Feel desperate"
"803","Feel desperate"
"804","Feel desperate"
"805","Feel desperate"
"806","Wait for others to lead the way"
"807","Wait for others to lead the way"
"808","Wait for others to lead the way"
"809","Wait for others to lead the way"
"810","Wait for others to lead the way"
"811","Seldom get emotional"
"812","Seldom get emotional"
"813","Seldom get emotional"
"814","Seldom get emotional"
"815","Seldom get emotional"
"816","Look down on others"
"817","Look down on others"
"818","Look down on others"
"819","Look down on others"
"820","Look down on others"
"821","Break rules"
"822","Break rules"
"823","Break rules"
"824","Break rules"
"825","Break rules"
"826","Stumble over my words"
"827","Stumble over my words"
"828","Stumble over my words"
"829","Stumble over my words"
"830","Stumble over my words"
"831","Like to take it easy"
"832","Like to take it easy"
"833","Like to take it easy"
"834","Like to take it easy"
"835","Like to take it easy"
"836","Dislike changes"
"837","Dislike changes"
"838","Dislike changes"
"839","Dislike changes"
"840","Dislike changes"
"841","Love a good fight"
"842","Love a good fight"
"843","Love a good fight"
"844","Love a good fight"
"845","Love a good fight"
"846","Set high standards for myself and others"
"847","Set high standards for myself and others"
"848","Set high standards for myself and others"
"849","Set high standards for myself and others"
"850","Set high standards for myself and others"
"851","Rarely overindulge"
"852","Rarely overindulge"
"853","Rarely overindulge"
"854","Rarely overindulge"
"855","Rarely overindulge"
"856","Act wild and crazy"
"857","Act wild and crazy"
"858","Act wild and crazy"
"859","Act wild and crazy"
"860","Act wild and crazy"
"861","Am not interested in abstract ideas"
"862","Am not interested in abstract ideas"
"863","Am not interested in abstract ideas"
"864","Am not interested in abstract ideas"
"865","Am not interested in abstract ideas"
"866","Think highly of myself"
"867","Think highly of myself"
"868","Think highly of myself"
"869","Think highly of myself"
"870","Think highly of myself"
"871","Find it difficult to get down to work"
"872","Find it difficult to get down to work"
"873","Find it difficult to get down to work"
"874","Find it difficult to get down to work"
"875","Find it difficult to get down to work"
"876","Remain calm under pressure"
"877","Remain calm under pressure"
"878","Remain calm under pressure"
"879","Remain calm under pressure"
"880","Remain calm under pressure"
"881","Look at the bright side of life"
"882","Look at the bright side of life"
"883","Look at the bright side of life"
"884","Look at the bright side of life"
"885","Look at the bright side of life"
"886","Believe that too much tax money goes to support artists"
"887","Believe that too much tax money goes to support artists"
"888","Believe that too much tax money goes to support artists"
"889","Believe that too much tax money goes to support artists"
"890","Believe that too much tax money goes to support artists"
"891","Tend to dislike soft hearted people"
"892","Tend to dislike soft hearted people"
"893","Tend to dislike soft hearted people"
"894","Tend to dislike soft hearted people"
"895","Tend to dislike soft hearted people"
"896","Like to act on a whim"
"897","Like to act on a whim"
"898","Like to act on a whim"
"899","Like to act on a whim"
"900","Like to act on a whim"
"901","Am relaxed most of the time"
"902","Am relaxed most of the time"
"903","Am relaxed most of the time"
"904","Am relaxed most of the time"
"905","Am relaxed most of the time"
"906","Often feel uncomfortable around others"
"907","Often feel uncomfortable around others"
"908","Often feel uncomfortable around others"
"909","Often feel uncomfortable around others"
"910","Often feel uncomfortable around others"
"911","Seldom daydream"
"912","Seldom daydream"
"913","Seldom daydream"
"914","Seldom daydream"
"915","Seldom daydream"
"916","Distrust people"
"917","Distrust people"
"918","Distrust people"
"919","Distrust people"
"920","Distrust people"
"921","Misjudge situations"
"922","Misjudge situations"
"923","Misjudge situations"
"924","Misjudge situations"
"925","Misjudge situations"
"926","Seldom get mad"
"927","Seldom get mad"
"928","Seldom get mad"
"929","Seldom get mad"
"930","Seldom get mad"
"931","Want to be left alone"
"932","Want to be left alone"
"933","Want to be left alone"
"934","Want to be left alone"
"935","Want to be left alone"
"936","Do not like poetry"
"937","Do not like poetry"
"938","Do not like poetry"
"939","Do not like poetry"
"940","Do not like poetry"
"941","Put people under pressure"
"942","Put people under pressure"
"943","Put people under pressure"
"944","Put people under pressure"
"945","Put people under pressure"
"946","Leave a mess in my room"
"947","Leave a mess in my room"
"948","Leave a mess in my room"
"949","Leave a mess in my room"
"950","Leave a mess in my room"
"951","Feel that my life lacks direction"
"952","Feel that my life lacks direction"
"953","Feel that my life lacks direction"
"954","Feel that my life lacks direction"
"955","Feel that my life lacks direction"
"956","Keep in the background"
"957","Keep in the background"
"958","Keep in the background"
"959","Keep in the background"
"960","Keep in the background"
"961","Am not easily affected by my emotions"
"962","Am not easily affected by my emotions"
"963","Am not easily affected by my emotions"
"964","Am not easily affected by my emotions"
"965","Am not easily affected by my emotions"
"966","Am indifferent to the feelings of others"
"967","Am indifferent to the feelings of others"
"968","Am indifferent to the feelings of others"
"969","Am indifferent to the feelings of others"
"970","Am indifferent to the feelings of others"
"971","Break my promises"
"972","Break my promises"
"973","Break my promises"
"974","Break my promises"
"975","Break my promises"
"976","Am not embarassed easily"
"977","Am not embarassed easily"
"978","Am not embarassed easily"
"979","Am not embarassed easily"
"980","Am not embarassed easily"
"981","Like to take my time"
"982","Like to take my time"
"983","Like to take my time"
"984","Like to take my time"
"985","Like to take my time"
"986","Don't like the idea of change"
"987","Don't like the idea of change"
"988","Don't like the idea of change"
"989","Don't like the idea of change"
"990","Don't like the idea of change"
"991","Yell at people"
"992","Yell at people"
"993","Yell at people"
"994","Yell at people"
"995","Yell at people"
"996","Demand quality"
"997","Demand quality"
"998","Demand quality"
"999","Demand quality"
"1000","Demand quality"
"1001","Easily resist temptations"
"1002","Easily resist temptations"
"1003","Easily resist temptations"
"1004","Easily resist temptations"
"1005","Easily resist temptations"
"1006","Willing to try anything once"
"1007","Willing to try anything once"
"1008","Willing to try anything once"
"1009","Willing to try anything once"
"1010","Willing to try anything once"
"1011","Avoid philosophical discussions"
"1012","Avoid philosophical discussions"
"1013","Avoid philosophical discussions"
"1014","Avoid philosophical discussions"
"1015","Avoid philosophical discussions"
"1016","Have a high opinion of myself"
"1017","Have a high opinion of myself"
"1018","Have a high opinion of myself"
"1019","Have a high opinion of myself"
"1020","Have a high opinion of myself"
"1021","Waste my time"
"1022","Waste my time"
"1023","Waste my time"
"1024","Waste my time"
"1025","Waste my time"
"1026","Can handle complex problems"
"1027","Can handle complex problems"
"1028","Can handle complex problems"
"1029","Can handle complex problems"
"1030","Can handle complex problems"
"1031","Laugh aloud"
"1032","Laugh aloud"
"1033","Laugh aloud"
"1034","Laugh aloud"
"1035","Laugh aloud"
"1036","Believe laws should be strictly enforced"
"1037","Believe laws should be strictly enforced"
"1038","Believe laws should be strictly enforced"
"1039","Believe laws should be strictly enforced"
"1040","Believe laws should be strictly enforced"
"1041","Believe in an eye for an eye"
"1042","Believe in an eye for an eye"
"1043","Believe in an eye for an eye"
"1044","Believe in an eye for an eye"
"1045","Believe in an eye for an eye"
"1046","Rush into things"
"1047","Rush into things"
"1048","Rush into things"
"1049","Rush into things"
"1050","Rush into things"
"1051","Am not easily disturbed by events"
"1052","Am not easily disturbed by events"
"1053","Am not easily disturbed by events"
"1054","Am not easily disturbed by events"
"1055","Am not easily disturbed by events"
"1056","Avoid contact with others"
"1057","Avoid contact with others"
"1058","Avoid contact with others"
"1059","Avoid contact with others"
"1060","Avoid contact with others"
"1061","Do not have a good imagination"
"1062","Do not have a good imagination"
"1063","Do not have a good imagination"
"1064","Do not have a good imagination"
"1065","Do not have a good imagination"
"1066","Suspect hidden motives in others"
"1067","Suspect hidden motives in others"
"1068","Suspect hidden motives in others"
"1069","Suspect hidden motives in others"
"1070","Suspect hidden motives in others"
"1071","Don't understand things"
"1072","Don't understand things"
"1073","Don't understand things"
"1074","Don't understand things"
"1075","Don't understand things"
"1076","Am not easily annoyed"
"1077","Am not easily annoyed"
"1078","Am not easily annoyed"
"1079","Am not easily annoyed"
"1080","Am not easily annoyed"
"1081","Don't like crowded events"
"1082","Don't like crowded events"
"1083","Don't like crowded events"
"1084","Don't like crowded events"
"1085","Don't like crowded events"
"1086","Do not enjoy going to art museums"
"1087","Do not enjoy going to art museums"
"1088","Do not enjoy going to art museums"
"1089","Do not enjoy going to art museums"
"1090","Do not enjoy going to art museums"
"1091","Pretend to be concerned for others"
"1092","Pretend to be concerned for others"
"1093","Pretend to be concerned for others"
"1094","Pretend to be concerned for others"
"1095","Pretend to be concerned for others"
"1096","Leave my belongings around"
"1097","Leave my belongings around"
"1098","Leave my belongings around"
"1099","Leave my belongings around"
"1100","Leave my belongings around"
"1101","Seldom feel blue"
"1102","Seldom feel blue"
"1103","Seldom feel blue"
"1104","Seldom feel blue"
"1105","Seldom feel blue"
"1106","Have little to say"
"1107","Have little to say"
"1108","Have little to say"
"1109","Have little to say"
"1110","Have little to say"
"1111","Rarely notice my emotional reactions"
"1112","Rarely notice my emotional reactions"
"1113","Rarely notice my emotional reactions"
"1114","Rarely notice my emotional reactions"
"1115","Rarely notice my emotional reactions"
"1116","Make people feel uncomfortable"
"1117","Make people feel uncomfortable"
"1118","Make people feel uncomfortable"
"1119","Make people feel uncomfortable"
"1120","Make people feel uncomfortable"
"1121","Get others to do my duties"
"1122","Get others to do my duties"
"1123","Get others to do my duties"
"1124","Get others to do my duties"
"1125","Get others to do my duties"
"1126","Am comfortable in unfamiliar situations"
"1127","Am comfortable in unfamiliar situations"
"1128","Am comfortable in unfamiliar situations"
"1129","Am comfortable in unfamiliar situations"
"1130","Am comfortable in unfamiliar situations"
"1131","Like a leisurely lifestyle"
"1132","Like a leisurely lifestyle"
"1133","Like a leisurely lifestyle"
"1134","Like a leisurely lifestyle"
"1135","Like a leisurely lifestyle"
"1136","Am a creature of habit"
"1137","Am a creature of habit"
"1138","Am a creature of habit"
"1139","Am a creature of habit"
"1140","Am a creature of habit"
"1141","Insult people"
"1142","Insult people"
"1143","Insult people"
"1144","Insult people"
"1145","Insult people"
"1146","Am not highly motivated to succeed"
"1147","Am not highly motivated to succeed"
"1148","Am not highly motivated to succeed"
"1149","Am not highly motivated to succeed"
"1150","Am not highly motivated to succeed"
"1151","Am able to control my cravings"
"1152","Am able to control my cravings"
"1153","Am able to control my cravings"
"1154","Am able to control my cravings"
"1155","Am able to control my cravings"
"1156","Seek danger"
"1157","Seek danger"
"1158","Seek danger"
"1159","Seek danger"
"1160","Seek danger"
"1161","Have difficulty understanding abstract ideas"
"1162","Have difficulty understanding abstract ideas"
"1163","Have difficulty understanding abstract ideas"
"1164","Have difficulty understanding abstract ideas"
"1165","Have difficulty understanding abstract ideas"
"1166","Know the answers to many questions"
"1167","Know the answers to many questions"
"1168","Know the answers to many questions"
"1169","Know the answers to many questions"
"1170","Know the answers to many questions"
"1171","Need a push to get started"
"1172","Need a push to get started"
"1173","Need a push to get started"
"1174","Need a push to get started"
"1175","Need a push to get started"
"1176","Know how to cope"
"1177","Know how to cope"
"1178","Know how to cope"
"1179","Know how to cope"
"1180","Know how to cope"
"1181","Amuse my friends"
"1182","Amuse my friends"
"1183","Amuse my friends"
"1184","Amuse my friends"
"1185","Amuse my friends"
"1186","Believe that we coddle criminals too much"
"1187","Believe that we coddle criminals too much"
"1188","Believe that we coddle criminals too much"
"1189","Believe that we coddle criminals too much"
"1190","Believe that we coddle criminals too much"
"1191","Try not to think about the needy"
"1192","Try not to think about the needy"
"1193","Try not to think about the needy"
"1194","Try not to think about the needy"
"1195","Try not to think about the needy"
"1196","Do crazy things"
"1197","Do crazy things"
"1198","Do crazy things"
"1199","Do crazy things"
"1200","Do crazy things"
"1201","Don't worry about things that have already happened"
"1202","Don't worry about things that have already happened"
"1203","Don't worry about things that have already happened"
"1204","Don't worry about things that have already happened"
"1205","Don't worry about things that have already happened"
"1206","Am not really interested in others"
"1207","Am not really interested in others"
"1208","Am not really interested in others"
"1209","Am not really interested in others"
"1210","Am not really interested in others"
"1211","Seldom get lost in thought"
"1212","Seldom get lost in thought"
"1213","Seldom get lost in thought"
"1214","Seldom get lost in thought"
"1215","Seldom get lost in thought"
"1216","Am wary of others"
"1217","Am wary of others"
"1218","Am wary of others"
"1219","Am wary of others"
"1220","Am wary of others"
"1221","Have little to contribute"
"1222","Have little to contribute"
"1223","Have little to contribute"
"1224","Have little to contribute"
"1225","Have little to contribute"
"1226","Keep my cool"
"1227","Keep my cool"
"1228","Keep my cool"
"1229","Keep my cool"
"1230","Keep my cool"
"1231","Avoid crowds"
"1232","Avoid crowds"
"1233","Avoid crowds"
"1234","Avoid crowds"
"1235","Avoid crowds"
"1236","Do not like concerts"
"1237","Do not like concerts"
"1238","Do not like concerts"
"1239","Do not like concerts"
"1240","Do not like concerts"
"1241","Take advantage of others"
"1242","Take advantage of others"
"1243","Take advantage of others"
"1244","Take advantage of others"
"1245","Take advantage of others"
"1246","Am not bothered by messy people"
"1247","Am not bothered by messy people"
"1248","Am not bothered by messy people"
"1249","Am not bothered by messy people"
"1250","Am not bothered by messy people"
"1251","Feel comfortable with myself"
"1252","Feel comfortable with myself"
"1253","Feel comfortable with myself"
"1254","Feel comfortable with myself"
"1255","Feel comfortable with myself"
"1256","Don't like to draw attention to myself"
"1257","Don't like to draw attention to myself"
"1258","Don't like to draw attention to myself"
"1259","Don't like to draw attention to myself"
"1260","Don't like to draw attention to myself"
"1261","Experience very few emotional highs and lows"
"1262","Experience very few emotional highs and lows"
"1263","Experience very few emotional highs and lows"
"1264","Experience very few emotional highs and lows"
"1265","Experience very few emotional highs and lows"
"1266","Turn my back on others"
"1267","Turn my back on others"
"1268","Turn my back on others"
"1269","Turn my back on others"
"1270","Turn my back on others"
"1271","Do the opposite of what is asked"
"1272","Do the opposite of what is asked"
"1273","Do the opposite of what is asked"
"1274","Do the opposite of what is asked"
"1275","Do the opposite of what is asked"
"1276","Am not bothered by difficult social situations"
"1277","Am not bothered by difficult social situations"
"1278","Am not bothered by difficult social situations"
"1279","Am not bothered by difficult social situations"
"1280","Am not bothered by difficult social situations"
"1281","Let things proceed at their own pace"
"1282","Let things proceed at their own pace"
"1283","Let things proceed at their own pace"
"1284","Let things proceed at their own pace"
"1285","Let things proceed at their own pace"
"1286","Dislike new foods"
"1287","Dislike new foods"
"1288","Dislike new foods"
"1289","Dislike new foods"
"1290","Dislike new foods"
"1291","Get back at others"
"1292","Get back at others"
"1293","Get back at others"
"1294","Get back at others"
"1295","Get back at others"
"1296","Do just enough work to get by"
"1297","Do just enough work to get by"
"1298","Do just enough work to get by"
"1299","Do just enough work to get by"
"1300","Do just enough work to get by"
"1301","Never spend more than I can afford"
"1302","Never spend more than I can afford"
"1303","Never spend more than I can afford"
"1304","Never spend more than I can afford"
"1305","Never spend more than I can afford"
"1306","Would never go hand gliding or bungee jumping"
"1307","Would never go hand gliding or bungee jumping"
"1308","Would never go hand gliding or bungee jumping"
"1309","Would never go hand gliding or bungee jumping"
"1310","Would never go hand gliding or bungee jumping"
"1311","Am not interested in theoretical discussions"
"1312","Am not interested in theoretical discussions"
"1313","Am not interested in theoretical discussions"
"1314","Am not interested in theoretical discussions"
"1315","Am not interested in theoretical discussions"
"1316","Boast about my virtues"
"1317","Boast about my virtues"
"1318","Boast about my virtues"
"1319","Boast about my virtues"
"1320","Boast about my virtues"
"1321","Have difficulty starting tasks"
"1322","Have difficulty starting tasks"
"1323","Have difficulty starting tasks"
"1324","Have difficulty starting tasks"
"1325","Have difficulty starting tasks"
"1326","Readily overcome setbacks"
"1327","Readily overcome setbacks"
"1328","Readily overcome setbacks"
"1329","Readily overcome setbacks"
"1330","Readily overcome setbacks"
"1331","Am not easily amused"
"1332","Am not easily amused"
"1333","Am not easily amused"
"1334","Am not easily amused"
"1335","Am not easily amused"
"1336","Believe that we should be tough on crime"
"1337","Believe that we should be tough on crime"
"1338","Believe that we should be tough on crime"
"1339","Believe that we should be tough on crime"
"1340","Believe that we should be tough on crime"
"1341","Believe people should fend for themselves"
"1342","Believe people should fend for themselves"
"1343","Believe people should fend for themselves"
"1344","Believe people should fend for themselves"
"1345","Believe people should fend for themselves"
"1346","Act without thinking"
"1347","Act without thinking"
"1348","Act without thinking"
"1349","Act without thinking"
"1350","Act without thinking"
"1351","Adapt easily to new situations"
"1352","Adapt easily to new situations"
"1353","Adapt easily to new situations"
"1354","Adapt easily to new situations"
"1355","Adapt easily to new situations"
"1356","Keep others at a distance"
"1357","Keep others at a distance"
"1358","Keep others at a distance"
"1359","Keep others at a distance"
"1360","Keep others at a distance"
"1361","Have difficulty imagining things"
"1362","Have difficulty imagining things"
"1363","Have difficulty imagining things"
"1364","Have difficulty imagining things"
"1365","Have difficulty imagining things"
"1366","Believe that people are essentially evil"
"1367","Believe that people are essentially evil"
"1368","Believe that people are essentially evil"
"1369","Believe that people are essentially evil"
"1370","Believe that people are essentially evil"
"1371","Don't see the consequences of things"
"1372","Don't see the consequences of things"
"1373","Don't see the consequences of things"
"1374","Don't see the consequences of things"
"1375","Don't see the consequences of things"
"1376","Rarely complain"
"1377","Rarely complain"
"1378","Rarely complain"
"1379","Rarely complain"
"1380","Rarely complain"
"1381","Seek quiet"
"1382","Seek quiet"
"1383","Seek quiet"
"1384","Seek quiet"
"1385","Seek quiet"
"1386","Do not enjoy watching dance performances"
"1387","Do not enjoy watching dance performances"
"1388","Do not enjoy watching dance performances"
"1389","Do not enjoy watching dance performances"
"1390","Do not enjoy watching dance performances"
"1391","Obstruct others' plans"
"1392","Obstruct others' plans"
"1393","Obstruct others' plans"
"1394","Obstruct others' plans"
"1395","Obstruct others' plans"
"1396","Am not bothered by disorder"
"1397","Am not bothered by disorder"
"1398","Am not bothered by disorder"
"1399","Am not bothered by disorder"
"1400","Am not bothered by disorder"
"1401","Am very pleased with myself"
"1402","Am very pleased with myself"
"1403","Am very pleased with myself"
"1404","Am very pleased with myself"
"1405","Am very pleased with myself"
"1406","Hold back my opinions"
"1407","Hold back my opinions"
"1408","Hold back my opinions"
"1409","Hold back my opinions"
"1410","Hold back my opinions"
"1411","Don't understand people who get emotional"
"1412","Don't understand people who get emotional"
"1413","Don't understand people who get emotional"
"1414","Don't understand people who get emotional"
"1415","Don't understand people who get emotional"
"1416","Take no time for others"
"1417","Take no time for others"
"1418","Take no time for others"
"1419","Take no time for others"
"1420","Take no time for others"
"1421","Misinterpret the facts"
"1422","Misinterpret the facts"
"1423","Misinterpret the facts"
"1424","Misinterpret the facts"
"1425","Misinterpret the facts"
"1426","Am able t stand up for myself"
"1427","Am able t stand up for myself"
"1428","Am able t stand up for myself"
"1429","Am able t stand up for myself"
"1430","Am able t stand up for myself"
"1431","React slowly"
"1432","React slowly"
"1433","React slowly"
"1434","React slowly"
"1435","React slowly"
"1436","Am attached to conventional ways"
"1437","Am attached to conventional ways"
"1438","Am attached to conventional ways"
"1439","Am attached to conventional ways"
"1440","Am attached to conventional ways"
"1441","Hold a grudge"
"1442","Hold a grudge"
"1443","Hold a grudge"
"1444","Hold a grudge"
"1445","Hold a grudge"
"1446","Put little time and effort into my work"
"1447","Put little time and effort into my work"
"1448","Put little time and effort into my work"
"1449","Put little time and effort into my work"
"1450","Put little time and effort into my work"
"1451","Never splurge"
"1452","Never splurge"
"1453","Never splurge"
"1454","Never splurge"
"1455","Never splurge"
"1456","Dislike loud music"
"1457","Dislike loud music"
"1458","Dislike loud music"
"1459","Dislike loud music"
"1460","Dislike loud music"
"1461","Avoid difficult reading material"
"1462","Avoid difficult reading material"
"1463","Avoid difficult reading material"
"1464","Avoid difficult reading material"
"1465","Avoid difficult reading material"
"1466","Make myself the center of attention"
"1467","Make myself the center of attention"
"1468","Make myself the center of attention"
"1469","Make myself the center of attention"
"1470","Make myself the center of attention"
"1471","Postpone decisions"
"1472","Postpone decisions"
"1473","Postpone decisions"
"1474","Postpone decisions"
"1475","Postpone decisions"
"1476","Am calm even in tense situations"
"1477","Am calm even in tense situations"
"1478","Am calm even in tense situations"
"1479","Am calm even in tense situations"
"1480","Am calm even in tense situations"
"1481","Seldom joke around"
"1482","Seldom joke around"
"1483","Seldom joke around"
"1484","Seldom joke around"
"1485","Seldom joke around"
"1486","Like to stand during the national anthem"
"1487","Like to stand during the national anthem"
"1488","Like to stand during the national anthem"
"1489","Like to stand during the national anthem"
"1490","Like to stand during the national anthem"
"1491","Can't stand weak people"
"1492","Can't stand weak people"
"1493","Can't stand weak people"
"1494","Can't stand weak people"
"1495","Can't stand weak people"
"1496","Often make last minute plans"
"1497","Often make last minute plans"
"1498","Often make last minute plans"
"1499","Often make last minute plans"
"1500","Often make last minute plans"
